<?xml version="1.0" encoding="UTF-8"?>
<project-private xmlns="http://www.netbeans.org/ns/project-private/1">
    <editor-bookmarks xmlns="http://www.netbeans.org/ns/editor-bookmarks/2" lastBookmarkId="2">
        <file>
            <url>application/controllers/ConfigPlantillas.php</url>
            <bookmark id="1">
                <name/>
                <line>30</line>
                <key/>
            </bookmark>
        </file>
        <file>
            <url>application/controllers/Administrador/Lista/Facturas.php</url>
            <bookmark id="2">
                <name/>
                <line>34</line>
                <key/>
            </bookmark>
        </file>
    </editor-bookmarks>
    <open-files xmlns="http://www.netbeans.org/ns/projectui-open-files/2">
        <group>
            <file>file:/C:/xampp/htdocs/Proyecto/Alumno/Fuentes/.htaccess</file>
            <file>file:/C:/xampp/htdocs/Proyecto/Alumno/Fuentes/application/config/constants.php</file>
            <file>file:/C:/xampp/htdocs/Proyecto/Alumno/Fuentes/application/config/config.php</file>
        </group>
    </open-files>
</project-private>
